AgeGroup,Avg Likes,Avg Retweets
Senior,91.1923076923077,25.692307692307693
Adult,76.61224489795919,25.591836734693878
Teen,65.5,28.75
