Sentiment,Avg Likes,Avg Retweets
Positive,78.22222222222223,26.08888888888889
Neutral,68.8,23.85
Negative,82.34285714285714,26.17142857142857
